x,y,timestamp
18.03313841133673,59.333716733972864,2022-12-29 02:05:41.617909
18.03284571997301,59.33454970193714,2022-12-29 02:05:41.617909
18.032706338128364,59.33546188237112,2022-12-29 03:05:41.617909
18.03331170704706,59.33522176531225,2022-12-29 02:05:41.617909
18.032874067331726,59.334328594558805,2022-12-29 04:05:41.617909
18.033722076862354,59.33435339153371,2022-12-29 02:05:41.617909
18.034067526150412,59.33565002602562,2022-12-29 05:05:41.617909
18.03366063662057,59.334820726280796,2022-12-29 02:05:41.617909
18.032849987116688,59.335238734505246,2022-12-29 06:05:41.617909
18.03297847896282,59.33561551631691,2022-12-29 02:05:41.617909
18.032870945688664,59.33567490848147,2022-12-29 07:05:41.617909
18.03249273476508,59.335970230972386,2022-12-29 02:05:41.617909
18.032954458524035,59.33589672675495,2022-12-29 08:05:41.617909
18.03340704566879,59.33583777575156,2022-12-29 02:05:41.617909
18.03314334904283,59.33649105875453,2022-12-29 09:05:41.617909
18.032555379354577,59.33659614352275,2022-12-29 02:05:41.617909
18.032729773209574,59.33656593940736,2022-12-29 10:05:41.617909
18.032939166212486,59.336406559320444,2022-12-29 02:05:41.617909
18.032515443711734,59.33659091327799,2022-12-29 11:05:41.617909
18.032978889725673,59.336922775636395,2022-12-29 02:05:41.617909
18.033341009925437,59.3362463290702,2022-12-29 12:05:41.617909
18.033206433519684,59.33642448478687,2022-12-29 02:05:41.617909
18.033119608863416,59.33694105443036,2022-12-29 13:05:41.617909
18.0331556360543,59.33730396456724,2022-12-29 02:05:41.617909
18.03283213007857,59.33702465940162,2022-12-29 14:05:41.617909
18.031906487165518,59.337340624004014,2022-12-29 02:05:41.617909
18.031338537521798,59.33658801158148,2022-12-29 15:05:41.617909
18.030924991777194,59.336668684047204,2022-12-29 02:05:41.617909
18.030676044823007,59.33610880142991,2022-12-29 16:05:41.617909
18.029862937200473,59.33625821450782,2022-12-29 02:05:41.617909
18.029833842653503,59.336855414049516,2022-12-29 17:05:41.617909
18.03113577218347,59.336190900837465,2022-12-29 02:05:41.617909
18.02983822540315,59.33638648662382,2022-12-29 18:05:41.617909
18.029836559739028,59.335680114244965,2022-12-29 02:05:41.617909
18.030311052832676,59.33592297153659,2022-12-29 19:05:41.617909
18.029328123232478,59.33564084633199,2022-12-29 02:05:41.617909
18.02811087507761,59.33543163608183,2022-12-29 20:05:41.617909
18.029389796405546,59.334880575667675,2022-12-29 02:05:41.617909
18.02874034604879,59.335337132014274,2022-12-29 21:05:41.617909
18.028916790200277,59.33463681316896,2022-12-29 02:05:41.617909
18.029478736068675,59.334135405258166,2022-12-29 22:05:41.617909
18.028930198187847,59.334343009647355,2022-12-29 02:05:41.617909
18.02780620441988,59.334355961415746,2022-12-29 23:05:41.617909
18.02813932093166,59.334365056755146,2022-12-29 02:05:41.617909
18.02813403939276,59.33426984335588,2022-12-30 00:05:41.617909
18.02785788784082,59.33393317207947,2022-12-29 02:05:41.617909
18.027355256008153,59.334313663609926,2022-12-30 01:05:41.617909
18.02846497306677,59.33454070164967,2022-12-29 02:05:41.617909
18.027869218563282,59.33521206090687,2022-12-30 02:05:41.617909
18.02759670516921,59.3348885099521,2022-12-29 02:05:41.617909
18.02739188077168,59.334554135556864,2022-12-30 03:05:41.617909
18.027991150598613,59.33485739981484,2022-12-29 02:05:41.617909
18.02725052193827,59.334674682037154,2022-12-30 04:05:41.617909
18.02750857113646,59.33455443366704,2022-12-29 02:05:41.617909
18.02702567470763,59.33577896929023,2022-12-30 05:05:41.617909
18.02716017161614,59.33600745786449,2022-12-29 02:05:41.617909
18.026155802092983,59.33653750441041,2022-12-30 06:05:41.617909
18.026011076230464,59.33691858732538,2022-12-29 02:05:41.617909
18.02542555168092,59.33723880531517,2022-12-30 07:05:41.617909
18.025185219682864,59.33620634012922,2022-12-29 02:05:41.617909
18.023947409435987,59.33666373277927,2022-12-30 08:05:41.617909
18.024806849953322,59.33678243643094,2022-12-29 02:05:41.617909
18.024527667060354,59.33669366240793,2022-12-30 09:05:41.617909
18.02385573643978,59.33687835717829,2022-12-29 02:05:41.617909
18.024204407255258,59.33569128093311,2022-12-30 10:05:41.617909
18.023118816878174,59.33444618672924,2022-12-29 02:05:41.617909
18.022020069432845,59.3353994076149,2022-12-30 11:05:41.617909
18.022307716346692,59.33501417651425,2022-12-29 02:05:41.617909
18.022330511208377,59.33443938334675,2022-12-30 12:05:41.617909
18.021668453757524,59.33427072944751,2022-12-29 02:05:41.617909
18.021387912890862,59.33477824686851,2022-12-30 13:05:41.617909
18.021973073787823,59.33487341756563,2022-12-29 02:05:41.617909
18.021750153704787,59.333916978834104,2022-12-30 14:05:41.617909
18.021970969383393,59.33427720319234,2022-12-29 02:05:41.617909
18.022354790987976,59.33501346293081,2022-12-30 15:05:41.617909
18.022876146627535,59.33437670303072,2022-12-29 02:05:41.617909
18.02217321697443,59.334908569839705,2022-12-30 16:05:41.617909
18.023225386291415,59.33536835839218,2022-12-29 02:05:41.617909
18.022910154248002,59.334992778089536,2022-12-30 17:05:41.617909
18.023078986572305,59.335176004293174,2022-12-29 02:05:41.617909
18.022875092410434,59.33516735404765,2022-12-30 18:05:41.617909
18.023503943027247,59.33545173443558,2022-12-29 02:05:41.617909
18.023402305085266,59.335486049862936,2022-12-30 19:05:41.617909
18.023242766852317,59.33511625319134,2022-12-29 02:05:41.617909
18.022626647772622,59.335256003155386,2022-12-30 20:05:41.617909
18.02157537545055,59.33497709297499,2022-12-29 02:05:41.617909
18.021521340827757,59.33581458843844,2022-12-30 21:05:41.617909
18.02295769184193,59.335243924305274,2022-12-29 02:05:41.617909
18.02327831989994,59.33514735568182,2022-12-30 22:05:41.617909
18.02310381166948,59.335242584820044,2022-12-29 02:05:41.617909
18.02198198425943,59.33584973304252,2022-12-30 23:05:41.617909
18.02137356494999,59.33645048500978,2022-12-29 02:05:41.617909
18.021430335455957,59.33771028912171,2022-12-31 00:05:41.617909
18.02126427521564,59.337496203181345,2022-12-29 02:05:41.617909
18.021083180716083,59.33783761974293,2022-12-31 01:05:41.617909
18.019981647682826,59.33850067089875,2022-12-29 02:05:41.617909
18.020120867594017,59.33864363583541,2022-12-31 02:05:41.617909
18.02085805931648,59.337502948261765,2022-12-29 02:05:41.617909
18.021988625796027,59.336734578056024,2022-12-31 03:05:41.617909
18.022647156170876,59.334595121416854,2022-12-29 02:05:41.617909
18.023564602986934,59.334696210215185,2022-12-31 04:05:41.617909
18.023799916947567,59.33426701494785,2022-12-29 02:05:41.617909
18.023974335287807,59.33495613906665,2022-12-31 05:05:41.617909
18.023257045522072,59.33438620720623,2022-12-29 02:05:41.617909
18.02355108584859,59.335957227609214,2022-12-31 06:05:41.617909
18.024606835593058,59.33525098704002,2022-12-29 02:05:41.617909
18.02480217346173,59.334834005281266,2022-12-31 07:05:41.617909
18.0252319886737,59.333411175293094,2022-12-29 02:05:41.617909
18.0245448870765,59.33348763902925,2022-12-31 08:05:41.617909
18.025361271157557,59.33356035045686,2022-12-29 02:05:41.617909
18.02659671131721,59.33295821148275,2022-12-31 09:05:41.617909
18.026545978808187,59.33266661138991,2022-12-29 02:05:41.617909
18.02667349151338,59.3328903146044,2022-12-31 10:05:41.617909
18.02600852249716,59.333162631989104,2022-12-29 02:05:41.617909
18.026202479539915,59.33232380990625,2022-12-31 11:05:41.617909
18.02721630268953,59.33232419710096,2022-12-29 02:05:41.617909
18.026900812147456,59.333500271730905,2022-12-31 12:05:41.617909
18.028045828026354,59.33265286037835,2022-12-29 02:05:41.617909
18.028485144473443,59.33249445953149,2022-12-31 13:05:41.617909
18.02844684218435,59.33226526904005,2022-12-29 02:05:41.617909
18.02893088176591,59.33269875104597,2022-12-31 14:05:41.617909
18.02891776018768,59.33276915525138,2022-12-29 02:05:41.617909
18.02875212517888,59.332588266124695,2022-12-31 15:05:41.617909
18.028830509738725,59.3316837275569,2022-12-29 02:05:41.617909
18.028135337229354,59.33190217548202,2022-12-31 16:05:41.617909
18.02883512350421,59.33113144043739,2022-12-29 02:05:41.617909
18.02893314346503,59.331070354306696,2022-12-31 17:05:41.617909
18.02908104383269,59.33102013499682,2022-12-29 02:05:41.617909
18.028531279628776,59.330105135592845,2022-12-31 18:05:41.617909
18.028539579500126,59.3305191018059,2022-12-29 02:05:41.617909
18.028641044125116,59.331388939004924,2022-12-31 19:05:41.617909
18.028336761024914,59.3318597400666,2022-12-29 02:05:41.617909
18.0285473650069,59.33193440293428,2022-12-31 20:05:41.617909
18.02825270669353,59.33122537356865,2022-12-29 02:05:41.617909
18.027970721567726,59.329869493043354,2022-12-31 21:05:41.617909
18.02827264027159,59.3292979241328,2022-12-29 02:05:41.617909
18.027627658831086,59.328841357014,2022-12-31 22:05:41.617909
18.026747526936962,59.32787861326342,2022-12-29 02:05:41.617909
18.026169517077168,59.32907376755616,2022-12-31 23:05:41.617909
18.026175154192828,59.32934172627132,2022-12-29 02:05:41.617909
18.026320638413168,59.32933237678115,2023-01-01 00:05:41.617909
18.02551536650362,59.32912581479076,2022-12-29 02:05:41.617909
18.025172242580638,59.32902716735714,2023-01-01 01:05:41.617909
18.0251132882392,59.32843868399216,2022-12-29 02:05:41.617909
18.025278887832155,59.32929992495543,2023-01-01 02:05:41.617909
18.024385645666413,59.32978662620625,2022-12-29 02:05:41.617909
18.023953403247333,59.32978490432763,2023-01-01 03:05:41.617909
18.022521606899613,59.32939076757528,2022-12-29 02:05:41.617909
18.023313618301326,59.33080106119599,2023-01-01 04:05:41.617909
18.023221548373503,59.33120056913156,2022-12-29 02:05:41.617909
18.02328318912644,59.331989493740465,2023-01-01 05:05:41.617909
18.02355731317619,59.33183381523174,2022-12-29 02:05:41.617909
18.024066075761034,59.331414219100914,2023-01-01 06:05:41.617909
18.024765424309695,59.330617916497374,2022-12-29 02:05:41.617909
18.024610016586248,59.33066178059704,2023-01-01 07:05:41.617909
18.024695712011358,59.33094565917333,2022-12-29 02:05:41.617909
18.01829240255002,59.32676673390848,2023-01-01 08:05:41.617909
18.01716755054849,59.327268774564985,2022-12-29 02:05:41.617909
18.017566784548503,59.32694565419284,2023-01-01 09:05:41.617909
18.01803492209945,59.32835390715424,2022-12-29 02:05:41.617909
18.018291869410955,59.32734026950074,2023-01-01 10:05:41.617909
18.01894031508699,59.32711760699499,2022-12-29 02:05:41.617909
18.01823713718676,59.32676249365592,2023-01-01 11:05:41.617909
18.01788932308469,59.32661466303938,2022-12-29 02:05:41.617909
18.018577924865525,59.326708737190465,2023-01-01 12:05:41.617909
18.018709837870208,59.32722548298845,2022-12-29 02:05:41.617909
18.018614830966523,59.32679803407097,2023-01-01 13:05:41.617909
18.018368450325315,59.3268491550034,2022-12-29 02:05:41.617909
18.01854554109004,59.32735327248423,2023-01-01 14:05:41.617909
18.018928125945244,59.326244919373174,2022-12-29 02:05:41.617909
18.018978293343256,59.325649523062516,2023-01-01 15:05:41.617909
18.01915938589397,59.32667179789621,2022-12-29 02:05:41.617909
18.01893669328447,59.32672055658696,2023-01-01 16:05:41.617909
18.019828519554796,59.327039030684844,2022-12-29 02:05:41.617909
18.019874336604754,59.32741262948242,2023-01-01 17:05:41.617909
18.01943361386255,59.32745410169357,2022-12-29 02:05:41.617909
18.019414148559964,59.32759934370083,2023-01-01 18:05:41.617909
18.01919893057124,59.327181835712324,2022-12-29 02:05:41.617909
18.018817314955673,59.32643117201493,2023-01-01 19:05:41.617909
18.019024929200445,59.32605009053308,2022-12-29 02:05:41.617909
18.019537694638306,59.326604752994214,2023-01-01 20:05:41.617909
18.018856146627844,59.32607489260697,2022-12-29 02:05:41.617909
18.02023933451618,59.32609659418106,2023-01-01 21:05:41.617909
18.02132857155032,59.325695319430615,2022-12-29 02:05:41.617909
18.021169637297998,59.3255329936384,2023-01-01 22:05:41.617909
18.02180697684994,59.325475397979005,2022-12-29 02:05:41.617909
18.02160994181262,59.32530330569262,2023-01-01 23:05:41.617909
18.020948014007143,59.325835431173985,2022-12-29 02:05:41.617909
18.02080746830321,59.32606397671084,2023-01-02 00:05:41.617909
18.020579210084016,59.32564105646691,2022-12-29 02:05:41.617909
18.020671817776044,59.325708095102435,2023-01-02 01:05:41.617909
18.021462562642288,59.32535807726857,2022-12-29 02:05:41.617909
18.020220475445242,59.3251962883349,2023-01-02 02:05:41.617909
18.019506269472554,59.32598039520986,2022-12-29 02:05:41.617909
18.02003298300974,59.32571128818034,2023-01-02 03:05:41.617909
18.019436843877266,59.32646775041644,2022-12-29 02:05:41.617909
18.019757074131157,59.32630578759112,2023-01-02 04:05:41.617909
18.020058075485775,59.32596313487071,2022-12-29 02:05:41.617909
18.01991054350453,59.32564669763178,2023-01-02 05:05:41.617909
18.019387383305148,59.326056904130745,2022-12-29 02:05:41.617909
18.019590634236938,59.32744980273764,2023-01-02 06:05:41.617909
18.01905280947711,59.32702798682366,2022-12-29 02:05:41.617909
18.019117848814805,59.328136293788305,2023-01-02 07:05:41.617909
18.017485558154238,59.32746700117523,2022-12-29 02:05:41.617909
18.017318542674737,59.32689941121036,2023-01-02 08:05:41.617909
18.01723363616781,59.326124755946104,2022-12-29 02:05:41.617909
18.01790105143455,59.32632418267255,2023-01-02 09:05:41.617909
18.017877733048806,59.32699114813319,2022-12-29 02:05:41.617909
18.017579173420014,59.32564051402483,2023-01-02 10:05:41.617909
18.016548826003355,59.32680988066837,2022-12-29 02:05:41.617909
18.016536558400905,59.32779500649858,2023-01-02 11:05:41.617909
18.017648193215848,59.3282763681606,2022-12-29 02:05:41.617909
18.016696318310053,59.32759220825285,2023-01-02 12:05:41.617909
18.017636707636516,59.32838548977459,2022-12-29 02:05:41.617909
18.017945934879023,59.32814951374417,2023-01-02 13:05:41.617909
18.01838851354989,59.32829295054165,2022-12-29 02:05:41.617909
18.018498427051586,59.32830478687654,2023-01-02 14:05:41.617909
18.018043562744225,59.328776464937846,2022-12-29 02:05:41.617909
18.018057840021708,59.32922496858511,2023-01-02 15:05:41.617909
18.01745760796635,59.329643949910924,2022-12-29 02:05:41.617909
18.01645118216815,59.32938525949789,2023-01-02 16:05:41.617909
18.017103762745588,59.32897872081264,2022-12-29 02:05:41.617909
18.01750535547872,59.328907264410276,2023-01-02 17:05:41.617909
18.017369622394455,59.328794622926615,2022-12-29 02:05:41.617909
18.017906263272838,59.328712306066656,2023-01-02 18:05:41.617909
18.01761570940376,59.32857407765419,2022-12-29 02:05:41.617909
18.018156233557946,59.32881029907315,2023-01-02 19:05:41.617909
18.01788801399441,59.32841673127059,2022-12-29 02:05:41.617909
18.01822652951725,59.327650913493166,2023-01-02 20:05:41.617909
18.018513054009585,59.32748200066842,2022-12-29 02:05:41.617909
18.01780368244804,59.327638754162564,2023-01-02 21:05:41.617909
18.01827048014559,59.32797997533332,2022-12-29 02:05:41.617909
18.01877270340984,59.32830756156001,2023-01-02 22:05:41.617909
18.018892013215172,59.32812370805008,2022-12-29 02:05:41.617909
18.01851831005338,59.3281899297428,2023-01-02 23:05:41.617909
18.018866264806014,59.32846305850275,2022-12-29 02:05:41.617909
18.01792431668747,59.328747980376356,2023-01-03 00:05:41.617909
18.018722488213527,59.32878717887886,2022-12-29 02:05:41.617909
18.018356975293276,59.328826532665246,2023-01-03 01:05:41.617909
18.01870013817272,59.329731163081576,2022-12-29 02:05:41.617909
18.017489163046708,59.32992925382227,2023-01-03 02:05:41.617909
18.01671436663725,59.329822522884825,2022-12-29 02:05:41.617909
18.01730960779713,59.329249659768735,2023-01-03 03:05:41.617909
18.017651706259358,59.32885147030521,2022-12-29 02:05:41.617909
18.01841703139989,59.328637042480246,2023-01-03 04:05:41.617909
18.017655108748908,59.32935502157146,2022-12-29 02:05:41.617909
18.01642275007245,59.32991676681431,2023-01-03 05:05:41.617909
18.016742703468328,59.33029763058183,2022-12-29 02:05:41.617909
18.016827993783252,59.33015718214694,2023-01-03 06:05:41.617909
18.016386533836453,59.33092181151801,2022-12-29 02:05:41.617909
18.01722160787108,59.330511815483305,2023-01-03 07:05:41.617909
18.017340446476197,59.330956242532984,2022-12-29 02:05:41.617909
18.017518032455662,59.32988182239598,2023-01-03 08:05:41.617909
18.017702448332873,59.3301429455968,2022-12-29 02:05:41.617909
18.016948663655814,59.32936011854726,2023-01-03 09:05:41.617909
18.016075589623064,59.32969014090183,2022-12-29 02:05:41.617909
18.015181251397863,59.32955745598821,2023-01-03 10:05:41.617909
18.014880323922235,59.32892689997621,2022-12-29 02:05:41.617909
18.0146548448574,59.32795942392227,2023-01-03 11:05:41.617909
18.01546747860472,59.3275869315185,2022-12-29 02:05:41.617909
18.01547788326859,59.327274714189265,2023-01-03 12:05:41.617909
18.01555017806447,59.32756703601529,2022-12-29 02:05:41.617909
18.01518891735921,59.3276504131165,2023-01-03 13:05:41.617909
18.015935353031097,59.327287784167524,2022-12-29 02:05:41.617909
18.01514864617574,59.32691655700291,2023-01-03 14:05:41.617909
18.015271560333023,59.32649462415803,2022-12-29 02:05:41.617909
18.015568588746866,59.326761371910735,2023-01-03 15:05:41.617909
18.016233781188262,59.3270761957604,2022-12-29 02:05:41.617909
18.016259512042982,59.327258444538835,2023-01-03 16:05:41.617909
18.016741278442897,59.3278686675057,2022-12-29 02:05:41.617909
18.01692403443107,59.32728920351134,2023-01-03 17:05:41.617909
18.016786236687267,59.327258356537776,2022-12-29 02:05:41.617909
18.01552656104924,59.326632722233484,2023-01-03 18:05:41.617909
18.01536611685866,59.32609962515455,2022-12-29 02:05:41.617909
18.0155213618574,59.32605493313157,2023-01-03 19:05:41.617909
18.015683838181285,59.32666406764015,2022-12-29 02:05:41.617909
18.0145419232794,59.32750754060869,2023-01-03 20:05:41.617909
18.014271608680804,59.32714351762712,2022-12-29 02:05:41.617909
18.01518531923416,59.32747865216254,2023-01-03 21:05:41.617909
18.01524642805151,59.32743161992918,2022-12-29 02:05:41.617909
18.014117769364223,59.327093967110905,2023-01-03 22:05:41.617909
18.01282863928053,59.32667182833188,2022-12-29 02:05:41.617909
18.012053701118912,59.32694774888409,2023-01-03 23:05:41.617909
18.011726607579277,59.32712332451192,2022-12-29 02:05:41.617909
18.011327974308163,59.32687133862632,2023-01-04 00:05:41.617909
18.01203222747003,59.326276742454915,2022-12-29 02:05:41.617909
18.01209179930571,59.32630712135977,2023-01-04 01:05:41.617909
18.010853374999268,59.326641184134814,2022-12-29 02:05:41.617909
18.01022198684956,59.32608942373244,2023-01-04 02:05:41.617909
18.010288832943676,59.32580884777626,2022-12-29 02:05:41.617909
18.00994001415231,59.32711454925525,2023-01-04 03:05:41.617909
18.01093117721407,59.32680455114964,2022-12-29 02:05:41.617909
18.010478636622828,59.327178429795666,2023-01-04 04:05:41.617909
18.010166597043995,59.327110766341576,2022-12-29 02:05:41.617909
18.01057459808471,59.32727016001168,2023-01-04 05:05:41.617909
18.009439573107223,59.32748488344046,2022-12-29 02:05:41.617909
18.008766105228617,59.3289629317812,2023-01-04 06:05:41.617909
18.009576227878547,59.32953562331703,2022-12-29 02:05:41.617909
18.01074081173155,59.329114671270524,2023-01-04 07:05:41.617909
18.010863953299527,59.3298177315959,2022-12-29 02:05:41.617909
18.01020079088639,59.330467622393556,2023-01-04 08:05:41.617909
18.010397622628233,59.33048466278287,2022-12-29 02:05:41.617909
18.010178151468274,59.3316493482909,2023-01-04 09:05:41.617909
18.010569217211042,59.33123667956669,2022-12-29 02:05:41.617909
18.010978274447407,59.33014432758501,2023-01-04 10:05:41.617909
18.009506483050867,59.33016343117005,2022-12-29 02:05:41.617909
18.009283009816812,59.33070083018047,2023-01-04 11:05:41.617909
18.007890340460857,59.331083222310134,2022-12-29 02:05:41.617909
18.00728913853135,59.33037483489392,2023-01-04 12:05:41.617909
18.00688715620832,59.329838095770945,2022-12-29 02:05:41.617909
18.006646874493786,59.32902370411659,2023-01-04 13:05:41.617909
18.00718426092867,59.328470669453,2022-12-29 02:05:41.617909
18.007305604807595,59.32889508682072,2023-01-04 14:05:41.617909
18.007016992726577,59.32827788316963,2022-12-29 02:05:41.617909
18.006587524815586,59.32788779874876,2023-01-04 15:05:41.617909
18.0062291911709,59.32925666597322,2022-12-29 02:05:41.617909
18.005408582628576,59.329114727571856,2023-01-04 16:05:41.617909
18.005279920993388,59.32936663603877,2022-12-29 02:05:41.617909
18.00530739414445,59.33052000507171,2023-01-04 17:05:41.617909
18.005099329604477,59.33047011349026,2022-12-29 02:05:41.617909
18.004887796337613,59.33076672483917,2023-01-04 18:05:41.617909
18.005825101713317,59.3310781526942,2022-12-29 02:05:41.617909
18.004846426224187,59.33010103377445,2023-01-04 19:05:41.617909
18.00452986572015,59.32984880180743,2022-12-29 02:05:41.617909
18.00376037915965,59.32991154194277,2023-01-04 20:05:41.617909
18.00375993759331,59.32874984378014,2022-12-29 02:05:41.617909
18.00480024517467,59.3288699505239,2023-01-04 21:05:41.617909
18.00494097554044,59.32931234192859,2022-12-29 02:05:41.617909
18.00468654678175,59.32830091016974,2023-01-04 22:05:41.617909
18.00415984594698,59.328746341412526,2022-12-29 02:05:41.617909
18.0038240238094,59.32898050784924,2023-01-04 23:05:41.617909
18.00376311899151,59.329224233193024,2022-12-29 02:05:41.617909
18.002613091363532,59.329410637594044,2023-01-05 00:05:41.617909
18.003379997659593,59.329104365741536,2022-12-29 02:05:41.617909
18.003022984751084,59.328431811428956,2023-01-05 01:05:41.617909
18.00272981899804,59.32877311963839,2022-12-29 02:05:41.617909
18.002476011417173,59.32939511731517,2023-01-05 02:05:41.617909
18.00231885563516,59.32947206454745,2022-12-29 02:05:41.617909
18.002228948891542,59.32922221330959,2023-01-05 03:05:41.617909
18.002850065388905,59.329003500573926,2022-12-29 02:05:41.617909
18.002212522649682,59.32928822512581,2023-01-05 04:05:41.617909
18.001920297069983,59.329589718018276,2022-12-29 02:05:41.617909
18.001740734455513,59.3289163269758,2023-01-05 05:05:41.617909
18.00296290254315,59.32821413626632,2022-12-29 02:05:41.617909
18.002369467137967,59.329010217842935,2023-01-05 06:05:41.617909
18.001996049790595,59.32840528622674,2022-12-29 02:05:41.617909
18.002307167354306,59.328665731366385,2023-01-05 07:05:41.617909
18.00195801472742,59.32877850619284,2022-12-29 02:05:41.617909
18.003629383609386,59.328534791278656,2023-01-05 08:05:41.617909
18.003941526671984,59.32976399475946,2022-12-29 02:05:41.617909
18.002613807453134,59.328902260524025,2023-01-05 09:05:41.617909
18.00151548536347,59.32899781865043,2022-12-29 02:05:41.617909
18.00105089957245,59.32884124053984,2023-01-05 10:05:41.617909
18.002119529804236,59.329785429138944,2022-12-29 02:05:41.617909
18.001806948393458,59.330064065840304,2023-01-05 11:05:41.617909
18.001484407864698,59.3300802266512,2022-12-29 02:05:41.617909
18.001702866635497,59.329838013022595,2023-01-05 12:05:41.617909
18.001399129954194,59.329911153894976,2022-12-29 02:05:41.617909
17.999917970807033,59.32911679833457,2023-01-05 13:05:41.617909
17.9997477113509,59.32999988841956,2022-12-29 02:05:41.617909
17.999594631556626,59.33049357346569,2023-01-05 14:05:41.617909
18.000194204895752,59.33046694459654,2022-12-29 02:05:41.617909
18.000823601948568,59.33028487083076,2023-01-05 15:05:41.617909
18.001339094192,59.33000378994234,2022-12-29 02:05:41.617909
18.00103793629736,59.330126804011805,2023-01-05 16:05:41.617909
18.000288839486444,59.33135656732705,2022-12-29 02:05:41.617909
18.000582782068268,59.33169955939028,2023-01-05 17:05:41.617909
17.99993972560507,59.33192464462543,2022-12-29 02:05:41.617909
17.999847335225486,59.33265185928456,2023-01-05 18:05:41.617909
18.000360162339785,59.33254525900202,2022-12-29 02:05:41.617909
17.999999506384352,59.33197584390612,2023-01-05 19:05:41.617909
17.999588293615034,59.331991434675466,2022-12-29 02:05:41.617909
17.999337700282513,59.33197315153003,2023-01-05 20:05:41.617909
17.999647829153552,59.33342046859814,2022-12-29 02:05:41.617909
18.000489932828703,59.33244342309669,2023-01-05 21:05:41.617909
17.99997726877632,59.33262698796177,2022-12-29 02:05:41.617909
18.000091196459262,59.33270037898269,2023-01-05 22:05:41.617909
18.000821369687372,59.33131798319835,2022-12-29 02:05:41.617909
18.00103300399033,59.33104540004135,2023-01-05 23:05:41.617909
18.00110742009489,59.3299931965793,2022-12-29 02:05:41.617909
18.002121532200476,59.33035401807179,2023-01-06 00:05:41.617909
18.002252556264178,59.330363203409995,2022-12-29 02:05:41.617909
18.002169769466203,59.3310505902581,2023-01-06 01:05:41.617909
18.002927704081014,59.332835955933085,2022-12-29 02:05:41.617909
18.00273926098611,59.3334752100511,2023-01-06 02:05:41.617909
18.002556174325314,59.33403505322457,2022-12-29 02:05:41.617909
18.00350621425386,59.33309117901165,2023-01-06 03:05:41.617909
18.003839485500592,59.33342601848345,2022-12-29 02:05:41.617909
18.00286949636708,59.333105071939585,2023-01-06 04:05:41.617909
18.003074102236837,59.332949797342195,2022-12-29 02:05:41.617909
18.00315814954837,59.33350910122357,2023-01-06 05:05:41.617909
18.003259276115703,59.33306576614071,2022-12-29 02:05:41.617909
18.003108780452283,59.333349200048865,2023-01-06 06:05:41.617909
18.003309657753217,59.33399807357325,2022-12-29 02:05:41.617909
18.002801115068266,59.334538614148,2023-01-06 07:05:41.617909
18.00237758164833,59.33506752952389,2022-12-29 02:05:41.617909
18.002770732428118,59.33465338995419,2023-01-06 08:05:41.617909
18.002085905234757,59.334682584256946,2022-12-29 02:05:41.617909
18.001254144910593,59.334956850591475,2023-01-06 09:05:41.617909
18.001177404976467,59.334392867886976,2022-12-29 02:05:41.617909
18.00157593568318,59.33426539022368,2023-01-06 10:05:41.617909
18.000808249525615,59.33443094936989,2022-12-29 02:05:41.617909
18.000427177419958,59.33422770772467,2023-01-06 11:05:41.617909
18.000272161559444,59.334302700220086,2022-12-29 02:05:41.617909
18.00090489854041,59.334396499393264,2023-01-06 12:05:41.617909
18.00106372209902,59.33294193990837,2022-12-29 02:05:41.617909
18.000860184848527,59.33318213107509,2023-01-06 13:05:41.617909
18.00111881432439,59.33248556750916,2022-12-29 02:05:41.617909
18.001207076460368,59.33178674908903,2023-01-06 14:05:41.617909
18.00197924959183,59.33136937972203,2022-12-29 02:05:41.617909
18.00100167017674,59.33182765407195,2023-01-06 15:05:41.617909
18.000496514263258,59.33231698989388,2022-12-29 02:05:41.617909
18.00127833493048,59.33204554890641,2023-01-06 16:05:41.617909
18.00100540979062,59.33233213410502,2022-12-29 02:05:41.617909
17.999812628156135,59.331458280997516,2023-01-06 17:05:41.617909
17.99922928497337,59.3315652687033,2022-12-29 02:05:41.617909
18.000781729039836,59.331478486970994,2023-01-06 18:05:41.617909
18.001248449356435,59.331620928602455,2022-12-29 02:05:41.617909
18.001419868641932,59.331753212742605,2023-01-06 19:05:41.617909
18.00072235769168,59.331328360256634,2022-12-29 02:05:41.617909
17.9995498038435,59.33134938824432,2023-01-06 20:05:41.617909
18.000295890769046,59.33171252857562,2022-12-29 02:05:41.617909
17.99992157904701,59.33213680719204,2023-01-06 21:05:41.617909
17.999071773250076,59.33134113694009,2022-12-29 02:05:41.617909
17.999789831725106,59.33050592289924,2023-01-06 22:05:41.617909
17.999497018884444,59.33039645569388,2022-12-29 02:05:41.617909
17.99994320862644,59.33049273323164,2023-01-06 23:05:41.617909
17.99991695805576,59.33106066783241,2022-12-29 02:05:41.617909
18.00006748031498,59.32942642716349,2023-01-07 00:05:41.617909
18.001013618759348,59.3298926533317,2022-12-29 02:05:41.617909
18.00108205677322,59.33083590963358,2023-01-07 01:05:41.617909
18.002565020967726,59.33281199861941,2022-12-29 02:05:41.617909
18.002458873634225,59.33348933518604,2023-01-07 02:05:41.617909
18.002698788528615,59.33319044111108,2022-12-29 02:05:41.617909
18.001539449591082,59.3333511941986,2023-01-07 03:05:41.617909
18.000371354018853,59.333096190225675,2022-12-29 02:05:41.617909
17.999814742873692,59.33381371066733,2023-01-07 04:05:41.617909
18.000631626663026,59.33352467370668,2022-12-29 02:05:41.617909
17.999563107175383,59.33402303870312,2023-01-07 05:05:41.617909
17.998776232017764,59.33381543382064,2022-12-29 02:05:41.617909
17.99968386945772,59.33419564410755,2023-01-07 06:05:41.617909
17.99948335578511,59.33523606100318,2022-12-29 02:05:41.617909
18.00040925415826,59.33539565816478,2023-01-07 07:05:41.617909
18.00133212585854,59.334752467592274,2022-12-29 02:05:41.617909
18.00245519192799,59.334042063207754,2023-01-07 08:05:41.617909
18.002694817963253,59.33410081975701,2022-12-29 02:05:41.617909
18.0031465128514,59.333594719251685,2023-01-07 09:05:41.617909
18.002921807082572,59.333866975474976,2022-12-29 02:05:41.617909
18.002602672245768,59.335548019780354,2023-01-07 10:05:41.617909
18.003118900122352,59.336294398042185,2022-12-29 02:05:41.617909
18.002964341180924,59.33696677360291,2023-01-07 11:05:41.617909
18.002999509214614,59.33737786372235,2022-12-29 02:05:41.617909
18.003245285391408,59.33721515289811,2023-01-07 12:05:41.617909
18.003484889703675,59.33733346414395,2022-12-29 02:05:41.617909
18.003231833549265,59.337909008554114,2023-01-07 13:05:41.617909
18.003238869178922,59.337585504757726,2022-12-29 02:05:41.617909
18.002395676566934,59.33719261183157,2023-01-07 14:05:41.617909
18.002346159083938,59.337532528030565,2022-12-29 02:05:41.617909
18.002956470184934,59.3368015809225,2023-01-07 15:05:41.617909
18.003607964901388,59.3364611740627,2022-12-29 02:05:41.617909
18.003972845320266,59.33640777250634,2023-01-07 16:05:41.617909
18.003731216824335,59.33580243336169,2022-12-29 02:05:41.617909
18.004532642495043,59.33492956850885,2023-01-07 17:05:41.617909
18.00516387544663,59.33517815601473,2022-12-29 02:05:41.617909
18.006045085571778,59.33622044214826,2023-01-07 18:05:41.617909
18.006861840495674,59.3361228761234,2022-12-29 02:05:41.617909
18.00694418362148,59.33606003135352,2023-01-07 19:05:41.617909
18.00659385108237,59.33534511598269,2022-12-29 02:05:41.617909
18.007313087279186,59.335857057342324,2023-01-07 20:05:41.617909
18.00719897261214,59.33488105472508,2022-12-29 02:05:41.617909
18.006470011675763,59.33523023448447,2023-01-07 21:05:41.617909
18.007477683592782,59.33611545559269,2022-12-29 02:05:41.617909
18.00770502351042,59.336754656115005,2023-01-07 22:05:41.617909
18.006337438534203,59.336341700010706,2022-12-29 02:05:41.617909
18.007229954320504,59.33662621476375,2023-01-07 23:05:41.617909
18.00569983612617,59.33583580218124,2022-12-29 02:05:41.617909
18.006487030126628,59.33501035981289,2023-01-08 00:05:41.617909
18.005714702909316,59.335432419410076,2022-12-29 02:05:41.617909
18.00613757610912,59.33539318486104,2023-01-08 01:05:41.617909
18.006094543893926,59.33494842398166,2022-12-29 02:05:41.617909
18.00629700512212,59.33401700298447,2023-01-08 02:05:41.617909
18.005754364944554,59.334281216430334,2022-12-29 02:05:41.617909
18.00664212345501,59.33347631344682,2023-01-08 03:05:41.617909
18.006667917617968,59.33343050711371,2022-12-29 02:05:41.617909
18.006941955739077,59.333784866354975,2023-01-08 04:05:41.617909
18.007455277875273,59.33405645052173,2022-12-29 02:05:41.617909
18.008734545136637,59.33397591017237,2023-01-08 05:05:41.617909
18.00886043830707,59.334598346484746,2022-12-29 02:05:41.617909
18.00868514720505,59.334878520943626,2023-01-08 06:05:41.617909
18.00865483055921,59.33493504083889,2022-12-29 02:05:41.617909
18.009663278721526,59.33448441880341,2023-01-08 07:05:41.617909
18.00930058618491,59.33330400747837,2022-12-29 02:05:41.617909
18.00984372567189,59.33368181685693,2023-01-08 08:05:41.617909
18.00934866010411,59.33372504786602,2022-12-29 02:05:41.617909
18.009812699857285,59.33423088716181,2023-01-08 09:05:41.617909
18.010489287171797,59.33480178482825,2022-12-29 02:05:41.617909
18.010090089119426,59.33462381071688,2023-01-08 10:05:41.617909
18.009694301462872,59.33493802296488,2022-12-29 02:05:41.617909
18.009752932951955,59.335169004656684,2023-01-08 11:05:41.617909
18.01034841568248,59.3352481211385,2022-12-29 02:05:41.617909
